Name	Symbol	Lat	Lon
Ankara	circle+star	39.929184	32.862446000000006
Brasília	circle+star	-15.781394	-47.91799800000001
Caracas	circle+star	10.502944	-66.918983
Kyiv	circle+star	50.435313	30.514681999999993
Tashkent	circle+star	41.313648	69.29298699999998
Madrid	circle+star	40.401972	-3.685297999999989
Stockholm	circle+star	59.352706	18.09538900000001
Bangkok	circle+star	13.751945	100.51469900000001
Lima	circle+star	-12.046067	-77.052008
Dakar	circle+star	14.717778	-17.475076
Amsterdam	circle+star	52.351915	4.914693999999997
Seoul	circle+star	37.568295	126.99778500000002
Manila	circle+star	14.606105	120.98027100000002
Berlin	circle+star	52.523765	13.399603000000013
Kinshasa	circle+star	-4.327778	15.313026000000008
New Delhi	circle+star	28.600023	77.19997999999998
Athens	circle+star	37.985272	23.731375000000014
Baghdad	circle+star	33.340594	44.39192299999999
Addis Ababa	circle+star	9.035256	38.698059
Tehran	circle+star	35.673889	51.42239799999999
Buenos Aires	circle+star	-34.600556	-58.39947699999999
Vienna	circle+star	48.201961	16.36469299999999
Taipei	circle+star	25.035833	121.568333
Washington,  D.C.	circle+star	38.901495	-77.011364
London	circle+star	51.501941	-0.11866800000001376
Riyadh	circle+star	24.642779	46.77079599999999
Cape Town	circle+star	-33.918065	18.433042
Moscow	circle+star	55.75411	37.61357699999999
Mexico City	circle+star	19.444388	-99.132934
Rome	circle+star	41.897902	12.481313
Beijing	circle+star	39.930838	116.38634000000002
Nairobi	circle+star	-1.281401	36.81471099999999
Jakarta	circle+star	-6.172472	106.827492
Bogota	circle+star	4.598369	-74.08529
Cairo	circle+star	30.051906	31.24802199999999
Tokyo	circle+star	35.686963	139.749462
Paris	circle+star	48.868639	2.331389999999999
Santiago	circle+star	-33.448068	-70.668987
Singapore	circle+star	1.294979	103.85387500000002
Barcelona	circle+dot	10.130375	-64.720014
Kyoto/Ōsaka	circle+dot	34.8919595	135.60312550000003
Hanoi	circle+dot	21.035273	105.84806800000001
Ho Chi Minh City	circle+dot	10.781971	106.693081
Budapest	circle+dot	47.501952	19.08137500000001
Sanaa	circle+dot	15.356679	44.20464799999999
Barcelona	circle+dot	41.385245	2.18142499999999
Bucharest	circle+dot	44.435318	26.09800100000001
Damascus	circle+dot	33.50198	36.29804999999999
Lisbon	circle+dot	38.724669	-9.146812000000011
Khartoum	circle+dot	15.590024	32.53223299999999
Oslo	circle+dot	59.918636	10.748032999999992
Karachi	circle+dot	24.871938	66.98806300000001
Warsaw	circle+dot	52.251947	20.998053999999996
Pyongyang	circle+dot	39.021385	125.752745
Dar es Salaam	circle+dot	-6.798067	39.266395999999986
Dublin	circle+dot	53.335007	-6.250852000000009
Monrovia	circle+dot	6.314582	-10.799659999999989
Milan	circle+dot	45.471921	9.203062999999986
Kuala Lumpur	circle+dot	3.168612	101.698037
Havana	circle+dot	23.133905	-82.366128
Hamburg	circle+dot	53.551971	9.998052999999999
Prague	circle+dot	50.085283	14.464033999999998
Kuwait City	circle+dot	29.371664	47.97635500000001
Santo Domingo	circle+dot	18.472019	-69.902031
Accra	circle+dot	5.551981	-0.2186619999999948
Tripoli	circle+dot	32.8925	13.180012000000005
Helsinki	circle+dot	60.177509	24.932181000000014
København	circle+dot	55.68051	12.561540000000008
Abidjan	circle+dot	5.321943	-4.041993999999988
Brussels	circle+dot	50.835263	4.33137099999999
Dhaka	circle+dot	23.725006	90.406634
Luanda	circle+dot	-8.83634	13.232481000000007
Algiers	circle+dot	36.765011	3.048607000000004
Yangon	circle+dot	16.7853	96.16473200000001
San Francisco	circle+dot	37.769196	-122.417169
Denver	circle+dot	39.741134	-104.985962
Houston	circle+dot	29.82192	-95.341925
Miami	circle+dot	25.789557	-80.226052
Atlanta	circle+dot	33.83196	-84.401895
Chicago	circle+dot	41.831937	-87.752001
Dubai	circle+dot	25.231942	55.278029000000004
Geneva	circle+dot	46.210008	6.140028000000001
Johannesburg	circle+dot	-26.168099	28.028064
Casablanca	circle+dot	33.601922	-7.618313000000001
Monterrey	circle+dot	25.671941	-100.331931
Ürümqi	circle+dot	43.806958	87.57306
Chengdu	circle+dot	30.671946	104.06807400000002
Bengaluru	circle+dot	12.971941	77.558064
Vancouver	circle+dot	49.275362	-123.12359
Toronto	circle+dot	43.701926	-79.421967
Kabul	circle+dot	34.518636	69.18131399999999
Melbourne	circle+dot	-37.818086	144.97307
Los Angeles	circle+dot	33.991924	-118.181926
New York	circle+dot	40.751925	-73.981963
Istanbul	circle+dot	41.106942	29.00805600000001
Lagos	circle+dot	6.445208	3.389585000000011
Shanghai	circle+dot	31.218398	121.43455899999998
Mumbai	circle+dot	19.018936	72.855043
Kolkata	circle+dot	22.496915	88.32272999999998
Rio de Janeiro	circle+dot	-22.923077	-43.226967
São Paulo	circle+dot	-23.556734	-46.62696600000001
Sydney	circle+dot	-33.918065	151.18323399999997
Hong Kong	circle+dot	22.306927	114.183064
Auckland	circle+dot	-36.848055	174.76302699999997
Manchester	circle	53.502361	-2.2499329999999986
Gujranwala/Lahore/Ludhiana/Chandigarh/Amritsar/Jullundur/Jammu/Srinagar/Islamabad/Peshawar	circle	32.2879299	74.5970251
Benin City/Warri/Port Harcourt	circle	5.55811	6.1287056666666615
Xiamen/Quanzhou/Fuzhou	circle	25.145280666666665	118.65140400000001
Nanchong/Chongqing	circle	30.1746505	106.3605435
Nanyang	circle	33.002346	112.528074
Jinxi	circle	40.752287	120.828033
Yantai/Dalian	circle	38.228569	121.51297999999997
Zaozhuang/Linyi/Suzhou/Huainan/Hefei/Nanjing/Xuzhou	circle	33.48853842857143	117.58360800000003
Jilin/Changchun	circle	43.859435500000004	125.94306949999998
Sholapur/Kalaburagi	circle	17.511156	76.35903250000001
Aurangabad	circle	19.897642	75.318356
Dispur/Guwahati	circle	26.152993000000002	91.76734250000004
Allahabad/Varanasi	circle	25.3944385	82.41807749999998
Agra/Gwalior	circle	26.7021495	78.09560199999999
Dhanbad/Asansol/Jamshedpur/Ranchi	circle	23.412262749999996	86.23077024999998
Vadodara/Surat/Ahmedabad	circle	22.18196466666667	72.86474166666667
Rajkot	circle	22.311965	70.79806300000001
Durazno/Montevideo	circle	-34.133055999999996	-56.34152399999999
International Falls	circle	48.601128	-93.410846
St.  Paul/Minneapolis	circle	44.962956	-93.1693535
Billings	circle	45.788302	-108.54
Great Falls/Helena/Missoula	circle	46.988427	-112.44277699999999
Minot/Bismarck	circle	47.5204055	-101.0395665
Fargo	circle	46.877228	-96.789426
Hilo	circle	19.699998	-155.090027
Olympia/Seattle/Vancouver/Portland/Salem	circle	46.138066800000004	-122.7174382
Spokane	circle	47.669996	-117.419949
Flagstaff	circle	35.198096	-111.650508
Tucson/Nogales	circle	31.7559715	-110.918464
Fresno	circle	36.747717	-119.772984
Eureka	circle	40.802224	-124.147497
Reno	circle	39.529976	-119.82001
Elko	circle	40.832506	-115.761989
Albuquerque/Santa Fe	circle	35.395952	-106.28928499999999
Casper	circle	42.86662	-106.312488
Topeka/Kansas City	circle	39.0795195	-95.1380125
Tulsa/Oklahoma City	circle	35.795996	-96.725325
Sioux Falls	circle	43.549989	-96.729998
Shreveport	circle	32.500018	-93.770023
Baton Rouge/New Orleans	circle	30.227446999999998	-90.59103549999999
Ft.  Worth/Dallas	circle	32.7809735	-97.0910005
Corpus Christi	circle	27.742814	-97.401895
Austin/San Antonio	circle	29.8790875	-98.1269875
Amarillo	circle	35.22998	-101.829997
El Paso	circle	31.78193	-106.511941
Laredo/Nuevo Laredo	circle	27.5030615	-99.52861299999999
Mérida/San Cristóbal	circle	8.0849965	-71.689989
Burlington/Montréal/Ottawa	circle	45.13212866666667	-74.166557
Montgomery	circle	32.361602	-86.279189
Tallahassee	circle	30.449988	-84.280034
Orlando/Tampa	circle	28.230428500000002	-81.9212715
Jacksonville	circle	30.331967	-81.671933
Savannah	circle	32.021106	-81.109995
Columbia	circle	34.039975	-80.899982
Indianapolis/Cincinnati	circle	39.4578825	-85.3154315
Wilmington	circle	34.225519	-77.94502
Knoxville	circle	35.970012	-83.92003
Charleston	circle	38.349738	-81.632728
Syracuse	circle	43.049994	-76.150014
Puerto Ayacucho	circle	5.663904	-67.623609
Port-of-Spain/Saint George's/Kingstown/Castries/Roseau	circle	13.0311798	-61.3715514
Augusta	circle	44.310563	-69.779989
Sault Ste. Marie	circle	46.495262	-84.345276
Atakpamé/Lomé	circle	6.831963	1.170417499999985
Sousse/Tunis	circle	36.3163865	10.402352000000008
Taizz/Aden/Assab/Djibouti	circle	12.747788750000002	43.73123924999999
Sitka/Juneau	circle	57.6872625	-134.873773
Lviv	circle	49.83498	24.02999600000001
Odessa/Chișinău/Iași	circle	46.888444333333325	29.046904333333345
Dnipro	circle	48.481918	34.99807799999999
Donetsk/Rostov	circle	47.619271	38.769372000000004
Kharkiv	circle	50.001929	36.24807899999999
Türkmenbaşy	circle	40.023047	52.96967599999999
Bukhara/Türkmenabat	circle	39.445007000000004	64.005023
Nukus	circle	42.470003	59.61500699999999
Mary	circle	37.600016	61.83332100000001
Andijan	circle	40.790003	72.339967
Da Nang	circle	16.060039	108.24997100000002
Kabwe/Lusaka	circle	-14.9273545	28.36568299999999
Mufulira/Lubumbashi/Kitwe	circle	-12.346036666666668	27.98602199999999
Livingstone	circle	-17.860009	25.86001300000001
Chitungwiza/Harare	circle	-17.907922499999998	31.071383499999996
Douala/Malabo	circle	3.9061855000000003	9.245661500000011
İzmir	circle	38.438096	27.14984799999999
Samsun	circle	41.279998	36.34366299999999
Konya	circle	37.876958	32.473063999999994
Adana	circle	36.996935	35.31805800000001
Gulu	circle	2.779997	32.280035
Kigali/Goma	circle	-1.8152214999999998	29.6401865
Cottica	circle	3.850009	-54.233289
Córdoba/Seville	circle	37.642506999999995	-5.375005499999986
Niamey	circle	13.491643	7.096404000000007
Tahoua	circle	14.899981	5.259927000000005
Constanța	circle	44.202662	28.609973999999994
Luleå	circle	65.596635	22.158378
Sundsvall	circle	62.400053	17.316659000000016
Surat Thani	circle	9.150099	99.340127
Chiang Mai	circle	18.799975	98.98004600000002
Nakhon Ratchasima	circle	15.000026	102.100011
Mbabane/Maputo/Xai-Xai	circle	-25.76998933333333	32.453518333333335
Piura	circle	-5.210032	-80.629973
Arequipa	circle	-16.418048	-71.531957
Chimbote/Trujillo	circle	-8.595019	-78.7949815
Pucallpa	circle	-8.368909	-74.534996
Iquitos	circle	-3.750018	-73.25001
Huancayo	circle	-12.08	-75.20002
Ciudad del Este	circle	-25.5167	-54.616057
Ponta Delgada	circle	37.748302	-25.666584
Vigo	circle	42.220019	-8.729995000000002
Bilbao	circle	43.249982	-2.929987000000011
Kaédi	circle	16.150008	-13.499988000000002
Geneina	circle	13.450018	22.44001499999999
Medina	circle	24.501935	39.578057
Tabuk	circle	28.383835	36.554967000000005
Juba	circle	4.829975	31.580026000000004
Malakal	circle	9.536897	31.655990000000003
Al-Ubayyid	circle	13.18329	30.216698000000008
Kristiansand	circle	58.166642	8.000018000000011
Ljubljana/Zagreb	circle	45.9276475	15.25748200000001
Hammerfest	circle	70.66128	23.688000999999986
Doha/Manama	circle	25.761346	51.058009999999996
Quetta	circle	30.221948	67.02304800000002
Larkana	circle	27.561766	68.206782
Springbok	circle	-29.666731	17.883290999999986
Upington	circle	-28.460034	21.23001099999999
George	circle	-33.950035	22.45004
Tete/Blantyre	circle	-15.980020999999999	34.284977
Pemba	circle	-12.983046	40.532347000000016
Nampula	circle	-15.136041	39.29304300000001
Welkom/Bloemfontein/Maseru	circle	-28.802218333333332	26.814390666666668
Goroka/Mt.  Hagen	circle	-5.973267	144.801151
Rabaul	circle	-4.20549	152.14343099999996
Lae	circle	-6.732988	146.99003500000003
David	circle	8.433321	-82.433325
Oujda/Oran	circle	35.2009805	-1.265945500000015
Safi/Marrakesh	circle	31.975958	-8.620960999999994
Podgorica/Tirana/Skopje/Pristina	circle	42.1150575	20.42115899999999
Quelimane	circle	-17.880008	36.88998599999999
East London	circle	-32.970043	27.87002000000001
Middelburg	circle	-31.500004	25.009986999999995
Nalchik	circle	43.498106	43.617947000000015
Stavropol	circle	45.050001	41.98001099999999
Ugolnye Kopi/Anadyr	circle	64.735143	177.587496
Kaliningrad/Gdańsk	circle	54.5299905	19.5686915
Pskov	circle	57.829996	28.329939999999993
Bryansk	circle	53.259991	34.429981
Smolensk	circle	54.782688	32.047336
Petrozavodsk	circle	61.849983	34.28001599999999
Vologda	circle	59.209989	39.919982000000005
Yaroslavl	circle	57.619983	39.870011000000005
Sochi	circle	43.590012	39.72996699999999
Krasnodar	circle	45.019977	39.00003800000002
Penza	circle	53.180021	44.99998199999999
Ryazan	circle	54.619959	39.719993999999986
Voronezh	circle	51.731927	39.26805000000002
Magnitogorsk	circle	53.422694	58.980007
Chelyabinsk	circle	55.156937	61.436722
Vorkuta	circle	67.5	64.009984
Kirov	circle	58.590053	49.66998100000001
Nizhny Tagil/Yekaterinburg	circle	57.385996	60.28649949999999
Astrakhan	circle	46.348655	48.054989000000006
Orenburg	circle	51.779978	55.110010999999986
Saratov	circle	51.581936	46.02805000000001
Ulyanovsk/Kazan	circle	55.0409325	48.767202499999996
Omsk	circle	54.991934	73.398008
Tyumen	circle	57.140012	65.52999499999999
Novokuznetsk	circle	53.750012	87.114982
Kemerovo/Tomsk	circle	55.917477000000005	85.53249449999998
Grozny	circle	43.318685	45.698699000000005
Kandy/Colombo/Sri Jayawardenepura Kotte	circle	7.037317000000001	80.15924833333332
Gwangju	circle	35.172912	126.90848800000003
Busan	circle	35.096999	129.008102
Zamboanga	circle	6.921923	122.07808499999999
Laoag	circle	18.198849	120.59361000000001
Baguio	circle	16.429991	120.56994299999997
General Santos/Davao	circle	6.611395	125.401388
Ust-Ilimsk	circle	57.98996	102.63331099999999
Angarsk/Irkutsk	circle	52.4399895	104.08252549999997
Abakan	circle	53.703685	91.44500199999999
Norilsk	circle	69.340017	88.22499199999999
Khatanga	circle	72.041144	102.46500100000003
Kyzyl	circle	51.706701	94.38306599999999
Ulan-Ude	circle	51.824988	107.62499600000001
Blagoveshchensk	circle	50.266608	127.533342
Bukachacha	circle	52.983341	116.91662600000001
Dalnegorsk	circle	44.537216	135.517247
Ambarchik	circle	69.651006	162.333595
Batagay	circle	67.655985	134.63502700000004
Chokurdakh	circle	70.618311	147.89458000000002
Ust-Nera	circle	64.566587	143.19998299999997
Lensk	circle	60.725271	114.94702999999998
Aldan	circle	58.602998	125.38938999999999
Mirny	circle	62.540019	113.96135400000003
Zhigansk	circle	66.769709	123.37111500000003
Okhotsk	circle	59.383002	143.217036
Khabarovsk	circle	48.454987	135.12001099999998
Okha	circle	53.573899	142.947853
Yuzhno Sakhalinsk	circle	46.964974	142.74001099999998
Mexicali/Tijuana	circle	32.5769455	-116.281952
La Paz	circle	24.139959	-110.319995
Torreón	circle	25.571999	-103.421949
Culiacán	circle	24.831941	-107.381914
Hermosillo/Guaymas	circle	28.5144465	-110.9220255
San Luis Potosí/León	circle	21.661927499999997	-101.35195850000001
Matamoros	circle	25.879982	-97.500003
Colima/Guadalajara	circle	19.950968500000002	-103.525995
Campeche/Mérida	circle	20.3992875	-90.05928499999999
Oaxaca	circle	17.08269	-96.66995
Maiduguri	circle	11.851906	13.158066999999988
Makurdi	circle	7.729979	8.530011000000002
Ogbomosho	circle	8.131952	4.238043000000005
Kaduna/Abuja	circle	9.803619999999999	7.484718499999985
Kraków	circle	50.061925	19.958066000000002
Dalandzadgad	circle	43.583553	104.44028100000003
Dund-Us	circle	48.016642	91.63325900000001
Choibalsan	circle	48.066587	114.50602300000003
Lüderitz	circle	-26.648	15.159425999999996
Walvis Bay	circle	-22.957528	14.50530599999999
Mwanza	circle	-2.520015	32.93002100000001
Morogoro	circle	-6.820011	37.660015999999985
Dodoma	circle	-6.183306	35.75000399999999
Arusha	circle	-3.360016	36.66999899999999
Laayoune	circle	27.149982	-13.200006000000002
Ternate	circle	0.792961	127.36301600000002
Ambon	circle	-3.716687	128.20002
Raba	circle	-8.449989	118.76664199999999
Jayapura	circle	-2.532986	140.69997999999998
Florence	circle	43.780001	11.25
Catania	circle	37.499971	15.079998999999987
Meru	circle	0.059982	37.640018
Eldoret	circle	0.520006	35.269981
Banda Aceh	circle	5.549983	95.32001100000002
George Town	circle	5.413613	100.32936799999999
Zhangye	circle	38.929987	100.45003400000002
Wuwei/Xining	circle	37.274975999999995	102.20453500000002
Dunhuang	circle	40.142678	94.662015
Tianshui	circle	34.601964	105.91803800000002
Dulan	circle	36.16659	98.26660099999998
Golmud	circle	36.416626	94.88334500000002
Yulin/Zhanjiang/Wuzhou	circle	22.437958666666663	110.61538533333334
Bose	circle	23.899716	106.61332700000003
Liupanshui	circle	26.596381	104.83138600000001
Shaoguan	circle	24.799971	113.57998199999997
Balikpapan	circle	-1.250015	116.830016
Kuching	circle	1.52997	110.32999899999999
Antsiranana	circle	-12.276502	49.311526000000015
Fianarantsoa	circle	-21.433331	47.08326499999998
Mahajanga	circle	-15.670014	46.34501599999999
Toliara	circle	-23.356831	43.68998400000001
Surakarta/Semarang	circle	-7.264825500000001	110.62154099999998
Bandar Lampung	circle	-5.428073	105.26805200000001
Tanjung Pandan	circle	-2.750027	107.65000800000001
Malang/Surabaya	circle	-7.612667999999999	112.67847799999998
Kupang	circle	-10.178669	123.582989
Parepare/Makassar	circle	-4.5773405	119.53169450000001
Cuenca/Guayaquil	circle	-2.55904	-79.46099149999999
Santa Cruz	circle	-0.533315	-90.35
Limón/San José	circle	9.9684895	-83.5596685
Santiago de Cuba	circle	20.025017	-75.821326
Manizales/Medellín	circle	5.668468	-75.548478
Pasto	circle	1.213607	-77.281107
Barranquilla/Cartagena	circle	10.6818095	-75.159126
Mbandaka	circle	0.040035	18.26001199999999
Moundou	circle	8.549981	16.090014999999994
Bur Said	circle	31.25999	32.290008
Aswan	circle	24.087508	32.898911999999996
Asyut	circle	27.18998	31.179947
Kisangani	circle	0.520006	25.22
Xigaze	circle	29.250009	88.88335000000001
Shache/Kashgar	circle	38.951239	76.60996449999999
Yining	circle	43.900019	81.350011
Altay	circle	47.866599	88.116626
Shizuishan/Yinchuan	circle	38.851597999999996	106.52006
Yulin	circle	38.283308	109.73329100000001
Ankang	circle	32.679981	109.02000199999998
Houma	circle	35.619982	111.20999699999999
Yueyang/Changsha/Pingxiang/Hengyang	circle	28.021959250000002	113.12556975000001
Xichang	circle	27.880015	102.29999800000002
Baoshan	circle	25.119977	99.15001000000001
Gejiu	circle	23.37998	103.15007600000001
Shijiazhuang/Handan	circle	37.316941	114.47803299999998
Anshan/Shenyeng	circle	41.461946	123.19305650000001
Qingdao	circle	36.091925	120.32806299999999
Huaiyin	circle	33.581949	119.02803900000004
Wenzhou	circle	28.021927	120.648147
Fukuoka/Nagasaki	circle	33.180974500000005	130.1465505
Miyazaki	circle	31.918244	131.41837599999997
Naha	circle	26.207172	127.67297200000002
Kōchi/Hiroshima	circle	33.976107	132.98924499999998
Gorontalo	circle	0.549978	123.07004799999999
Tongliao	circle	43.621905	122.26804800000002
Hohhot/Baotou	circle	40.738037000000006	110.73906199999999
Chifeng	circle	42.271961	118.94804399999998
Ulan Hot	circle	46.080016	122.08003100000002
Hailar	circle	49.19998	119.70002199999999
Jiamusi	circle	46.831967	130.348072
Bei'an	circle	48.239005	126.48203699999999
Daqing/Harbin/Qiqihar	circle	46.56025266666666	125.21138233333335
Jixi	circle	45.301906	130.96808499999997
Nagano	circle	36.649997	138.170005
Kushiro	circle	42.97496	144.37469099999998
Hakodate/Sapporo	circle	42.4359525	141.0390385
Sendai/Sakata	circle	38.6045455	140.434915
Bandundu	circle	-3.309993	17.379962000000006
Kananga/Mbuji-Mayi	circle	-6.0180885	22.998061000000007
Kasongo	circle	-4.450027	26.660015999999985
Kalemie	circle	-5.933296	29.200016000000005
Butembo	circle	0.130004	29.280011000000002
Mzuzu	circle	-11.459987	34.019980000000004
Quetzaltenango/Guatemala City	circle	14.72652	-91.0244585
Banjul	circle	13.453877	-16.591701999999998
Vijayawada/Amaravati	circle	16.5277815	80.5761885
Thiruvananthapuram	circle	8.50193	76.94807500000002
Kochi/Coimbatore/Kozhikode	circle	10.757080333333334	76.31269633333335
Cuttack/Bhubaneswar	circle	20.3711885	85.85767799999996
Hubballi	circle	15.361924	75.12306999999998
Mangaluru	circle	12.900025	74.84999399999998
Kolhapur	circle	16.7	74.22000700000001
Nanded	circle	19.169979	77.300026
Akola	circle	20.709988	77.010018
Kayes	circle	-4.180018	13.280006000000014
Franceville	circle	-1.6333	13.583294999999993
Bordeaux	circle	44.851959	-0.5969589999999982
Marseille	circle	43.291925	5.373063999999999
Le Havre	circle	49.504974	0.10497000000000867
Gao	circle	16.26659	-0.05000799999999117
Coihaique	circle	-45.569998	-72.070004
Arica/Tacna	circle	-18.2500115	-70.269998
Copiapó	circle	-27.359998	-70.339981
La Serena	circle	-29.899998	-71.249977
Los Angeles/Concepción	circle	-37.145008000000004	-72.7050045
Narsarsuaq	circle	61.166588	-45.416618
Sisimiut	circle	66.950008	-53.666606
Upernavik	circle	72.709367	-56.14167499999999
Qaanaaq	circle	77.483473	-69.332239
Nouadhibou	circle	20.900002	-17.056024000000008
Kayes	circle	14.449982	-11.440010000000001
Ayoun el Atrous	circle	16.666591	-9.616658999999999
Ségou	circle	13.439992	-6.260016000000007
Al Jawf	circle	24.199982	23.28998899999999
Tmassa/Sabha	circle	26.699958	15.116663499999987
Misrata	circle	32.379973	15.099998
Kirkuk/Mosul	circle	35.9095935	43.767663
Bahir Dar/Gondar	circle	12.105048	37.42165850000001
Mekele	circle	13.499989	39.46998300000001
Dire Dawa	circle	9.589995	41.860018
Rovaniemi	circle	66.500035	25.71593899999999
Vaasa	circle	63.099984	21.600014999999985
Aqtobe	circle	50.280018	57.16998799999999
Rudniy	circle	52.952697	63.13003800000001
Qyzylorda	circle	44.800016	65.46498600000001
Atyrau	circle	47.112692	51.92002400000001
Ekibastuz/Pavlodar	circle	52.0149895	76.13498049999998
Semey	circle	50.434995	80.275038
Oskemen	circle	49.990035	82.61494700000003
Yazd	circle	31.920053	54.370003999999994
Ahvaz	circle	31.281935	48.71806699999999
Bandar-e-Abbas	circle	27.20406	56.27213599999999
Hamadan	circle	34.796027	48.51501300000001
Tabriz	circle	38.088237	46.29930000000002
Kota	circle	25.181945	75.833053
Jodhpur	circle	26.293712	73.014827
Taraz	circle	42.899977	71.36498699999999
Lucknow/Kanpur	circle	26.659465	80.61555149999998
Bhagalpur	circle	25.229996	86.98000300000001
Raipur/Bhilai	circle	21.2277765	81.53222399999999
Jabalpur	circle	23.177003	79.95311200000003
Indore	circle	22.717005	75.863077
Puducherry/Chennai	circle	12.513463999999999	80.05402650000002
Tiruchirappalli/Madurai	circle	10.366958	78.403051
Pointe-Noire	circle	-4.770007	11.88003900000001
Kankan	circle	10.389998	-9.310011000000003
Nzérékoré	circle	7.760003	-8.829988000000014
Bouaké/Yamoussoukro	circle	7.2541815	-5.1527585000000045
St.-Denis	circle	-20.878895	55.44807800000001
Rio Branco	circle	-9.966589	-67.800007
São Luís	circle	-2.514039	-44.26793700000002
Porto Velho	circle	-8.750023	-63.900012000000004
Alvorada	circle	-12.470002	-49.08200199999999
Corumbá	circle	-19.016011	-57.65000599999999
Belo Horizonte	circle	-19.91308	-43.916949999999986
Montes Claros	circle	-16.720027	-43.86002100000002
Uberlândia	circle	-18.899998	-48.27998400000001
Colíder/Alta Floresta	circle	-10.3586585	-55.68028150000001
Cuiabá	circle	-15.567661	-56.08693099999999
Pelotas	circle	-31.750014	-52.330021
Caxias do Sul/Porto Alegre	circle	-29.6140295	-51.18599899999998
Ponta Grossa/Curitiba	circle	-25.254037	-49.74099699999999
Teresina/Caxias	circle	-4.9630279999999996	-43.0659905
Maceió	circle	-9.61805	-35.73192
Vitória da Conquista	circle	-14.850012	-40.83999800000001
Barreiras	circle	-12.139997	-45.00000299999999
Vila Velha	circle	-20.367608	-40.31798900000001
Natal	circle	-5.778077	-35.24195
Thompson	circle	55.749942	-97.866621
Brandon	circle	49.833275	-99.949982
Fort Smith	circle	60.000019	-111.883336
Fort McMurray	circle	56.733319	-111.383315
Peace River	circle	56.233323	-117.283291
Fort St. John	circle	56.249989	-120.833281
Iqaluit	circle	63.750459	-68.500192
Cambridge Bay	circle	69.116956	-105.033315
Kugluktuk	circle	67.798663	-115.12535
Chesterfield Inlet	circle	63.33829	-90.700082
Arviat	circle	61.108592	-94.058607
Taloyoak	circle	69.533313	-93.53332
Igloolik	circle	69.256535	-81.793592
Dawson City	circle	64.066644	-139.416669
Timmins	circle	48.466588	-81.333315
North Bay	circle	46.300002	-79.449993
Kuujjuarapik	circle	55.281495	-77.765832
Kuujjuaq	circle	58.100005	-68.399996
Sydney	circle	46.066115	-60.179981
Labrador City	circle	52.941431	-66.915875
Ebolowa/Yaoundé	circle	3.3843315	11.332356000000004
Bambari	circle	5.76196	20.667203
Venice	circle	45.438659	12.33499900000001
El Calafate	circle	-50.333324	-72.300016
San Juan/Mendoza	circle	-32.215705	-68.66927249999999
Rawson	circle	-43.300007	-65.099991
Neuquén	circle	-38.95004	-68.059991
Trinidad	circle	-14.833372	-64.899977
Santa Rosa	circle	-36.620001	-64.299988
Bariloche/Puerto Montt	circle	-41.309973	-72.114989
Salta	circle	-24.783359	-65.416638
Tucumán	circle	-26.814054	-65.21857
Formosa/Asunción	circle	-25.733646	-57.9131335
Santa Fe/Rosario	circle	-32.286528000000004	-60.67912749999999
Ribeirão Preto	circle	-21.17004	-47.82998499999999
Petrolina	circle	-9.38001	-40.50996700000002
Bamenda	circle	5.959984	10.150015999999994
Garoua	circle	9.300012	13.390025000000009
Herat	circle	34.330009	62.169993000000005
Mazar-i-Sharif	circle	36.699994	67.10002800000001
Battambang/Siem Reap	circle	13.2333255	103.52503999999999
Malanje	circle	-9.54	16.340025999999995
Benguela	circle	-12.578265	13.40723299999999
Lubango/Moçâmedes	circle	-15.050025999999999	12.825020499999994
Tarija	circle	-21.516685	-64.749986
Bridgetown	circle	13.102003	-59.61652699999999
Annaba/Constantine	circle	36.6399975	7.179964500000011
Parakou	circle	9.34001	2.620035999999999
Brest	circle	52.099984	23.699990000000014
Francistown/Bulawayo/Serowe/Mahalapye	circle	-21.70751375	27.402515749999992
Katherine	circle	-14.466625	132.266593
Busselton/Mandurah/Perth	circle	-32.71098733333333	115.64458966666666
Broome	circle	-17.961771	122.23076800000001
Kalgoorlie	circle	-30.735399	121.46001799999999
Albany	circle	-35.016947	117.89160500000003
Port Hedland	circle	-20.310402	118.60603200000003
Karratha	circle	-20.730377	116.87001299999997
Geraldton	circle	-28.76663	114.59997099999998
Griffith	circle	-34.290014	146.04001600000004
Orange/Dubbo	circle	-32.769977499999996	148.8486555
Armidale	circle	-30.512312	151.66747599999997
Broken Hill	circle	-31.94995	141.433114
Port Lincoln	circle	-34.733243	135.86658
Whyalla	circle	-33.025027	137.56141200000002
Portland	circle	-38.34	141.59000300000002
Wangaratta	circle	-36.360017	146.3
Windorah	circle	-25.433242	142.650197
Mount Isa	circle	-20.723866	139.490028
Rockhampton	circle	-23.363911	150.52000099999998
Cairns	circle	-16.88784	145.763331
Gold Coast/Brisbane	circle	-27.7672945	153.2406965
Devonport	circle	-41.192668	146.331102
Bobo Dioulasso	circle	11.179975	-4.289981000000012
Rajshahi	circle	24.37693	88.60307399999999
Mandalay	circle	21.971934	96.08308299999999
Sittwe	circle	20.139997	92.88000499999998
Bujumbura	circle	-3.376087	29.360006
Pago Pago/Apia	circle	-14.059078	-171.2226435
Basseterre/Saint John's	circle	17.210034	-62.283521500000006
Las Palmas	circle	28.099976	-15.42999900000001
Berbera/Hargeisa	circle	9.997786	44.5408625
Port Louis	circle	-20.166639	57.499994000000015
Gaza City/Tel Aviv/Jerusalem/Amman	circle	31.83557875	35.087766250000016
Papeete	circle	-17.533363	-149.566669
Freeport	circle	26.533276	-78.700013
Boise	circle	43.60859	-116.22749
Las Vegas	circle	36.211944	-115.221952
Salt Lake City	circle	40.776962	-111.931998
Des Moines	circle	41.57998	-93.619981
Omaha	circle	41.240001	-96.00999
Pierre	circle	44.368337	-100.350552
Jackson	circle	32.298815	-90.184997
Raleigh	circle	35.818781	-78.644693
Cleveland/Detroit	circle	41.9019195	-82.38947300000001
Nashville	circle	36.17192	-86.781931
Memphis	circle	35.121933	-90.001941
Norfolk	circle	36.849959	-76.280006
Pittsburgh	circle	40.431945	-80.001931
Ciudad Guayana	circle	8.370018	-62.61998700000001
Kodiak	circle	57.789998	-152.406987
Cold Bay	circle	55.200001	-162.715092
Bethel	circle	60.793303	-161.755796
Point Hope	circle	68.347726	-166.80802
Utqiaġvik	circle	71.29057	-156.78858
Nome	circle	64.5061	-165.406374
Valdez	circle	61.135996	-146.348287
Fairbanks	circle	64.836984	-147.710659
Prudhoe Bay	circle	70.292181	-148.66936
Sevastopol	circle	44.599977	33.46497500000001
Ashgabat	circle	37.949995	58.383298999999994
Samarkand	circle	39.670019	66.944999
Dili	circle	-8.559388	125.579456
Port Vila	circle	-17.73335	168.316641
Tegucigalpa	circle	14.103991	-87.219475
Georgetown	circle	6.801974	-58.167029
Reykjavík	circle	64.150024	-21.950015000000008
Port-au-Prince	circle	18.542971	-72.33798
Glasgow	circle	55.876351	-4.252653000000009
Kampala	circle	0.318605	32.581378
Paramaribo	circle	5.83503	-55.16703100000001
Zinder	circle	13.799996	8.983317
Niamey	circle	13.518652	2.1147100000000023
Port Sudan	circle	19.615791	37.21642600000001
Dushanbe	circle	38.560035	68.773879
Cusco	circle	-13.525029	-71.972155
Ica	circle	-14.067993	-75.725492
Managua	circle	12.154962	-86.270438
Freetown/Conakry	circle	9.002713	-13.459171499999997
Agadez	circle	16.995873	7.982810000000001
Nyala	circle	12.059973	24.889995
Wau	circle	7.699981	27.989960999999994
Dongola	circle	19.166594	30.483296999999993
Kassala	circle	15.459972	36.390016
Tromsø	circle	69.635076	18.992025000000012
Trondheim	circle	63.416658	10.416665999999992
Bergen	circle	60.391002	5.324522000000002
Multan	circle	30.201923	71.45306199999999
Kathmandu	circle	27.718638	85.31469600000003
Nacala	circle	-14.518611	40.715024
Port Moresby	circle	-9.464708	147.19250399999999
Honiara	circle	-9.437994	159.949766
Panama City	circle	8.969963	-79.534983
Fez	circle	34.056546	-5.00232299999999
Beira	circle	-19.820045	34.87000599999999
Port Elizabeth	circle	-33.968088	25.598083000000003
Murmansk	circle	68.969988	33.10003599999999
Archangel	circle	64.574959	40.545007999999996
Nizhny Novgorod	circle	56.334953	43.99814900000001
Volgograd	circle	48.711956	44.49801500000001
Ufa	circle	54.791921	56.038084999999995
Samara	circle	53.196953	50.149349
Surgut	circle	61.259942	73.425017
Barnaul	circle	53.354998	83.74500699999999
Novosibirsk	circle	55.031906	82.95809600000001
Mogadishu	circle	2.068627	45.364732000000004
Muscat	circle	23.613325	58.593312
Cebu/Iloilo	circle	10.5134825	123.22157249999998
Bratsk	circle	56.156997	101.615027
Krasnoyarsk	circle	56.015929	92.86405500000001
Dikson	circle	73.506972	80.545099
Chita	circle	52.055026	113.46500200000003
Vladivostok	circle	43.130015	131.91002600000002
Nizhneyansk	circle	71.433326	136.066619
Yakutsk	circle	62.034959	129.73501599999997
Tiksi	circle	71.626886	128.834967
Magadan	circle	59.57498	150.81000900000004
Chihuahua	circle	28.646927	-106.086928
Mazatlán	circle	23.221101	-106.420001
Tampico	circle	22.30002	-97.870006
Acapulco	circle	16.849991	-99.915979
Veracruz	circle	19.177342	-96.159981
Tuxtla Gutiérrez	circle	16.749997	-93.15001
Cancún	circle	21.16996	-86.830008
Enugu	circle	6.450031	7.499997000000008
Sokoto	circle	13.060016	5.240030999999988
Perm	circle	58.001906	56.248046999999985
Erdenet	circle	49.053297	104.118337
Ulaanbaatar	circle	47.918619	106.91467
Mbeya	circle	-8.890014	33.430042000000014
Windhoek	circle	-22.570006	17.083546000000013
Grootfontein	circle	-19.566624	18.116557999999998
Valencia	circle	39.486963	-0.4019580000000076
Palana	circle	59.084002	159.95002
Petropavlovsk-Kamchatsky	circle	53.061992	158.62302
Padang	circle	-0.958061	100.358068
Bissau	circle	11.865024	-15.598361000000011
Palermo	circle	38.126969	13.348081000000008
Vilnius	circle	54.683366	25.31663499999999
Riga	circle	56.950024	24.099964999999997
Bishkek	circle	42.875025	74.583258
Jiayuguan	circle	39.82001	98.299984
Guilin	circle	25.281939	110.27808199999998
Shantou	circle	23.371952	116.66808000000003
Tarakan	circle	3.300017	117.633016
Mombasa	circle	-4.03808	39.687972
Antananarivo	circle	-18.914692	47.514678
Palembang	circle	-2.978093	104.748084
Bandjarmasin	circle	-3.329992	114.58007600000002
Quito	circle	-0.213042	-78.501997
San Salvador	circle	13.711948	-89.204987
Kingston	circle	17.977077	-76.767434
Mitú	circle	1.198311	-70.173608
Bumba	circle	2.189981	22.45996199999999
N'Djamena	circle	12.115042	15.047202999999996
Abéché	circle	13.839994	20.829983999999996
Luxor	circle	25.700019	32.650037999999995
Asmara	circle	15.333339	38.933324
Lhasa	circle	29.645024	91.10001
Hami	circle	42.826984	93.51500499999997
Hotan	circle	37.099711	79.92694499999999
Kikwit	circle	-5.030043	18.85000199999999
Matadi	circle	-5.81661	13.450020999999992
Kolwezi	circle	-10.716724	25.472440000000006
Lilongwe	circle	-13.983295	33.78330199999999
Cayenne	circle	4.932992	-52.330021
Libreville/Port-Gentil	circle	-0.16731650000000003	9.118993499999988
Vishakhapatnam	circle	17.731961	83.30303600000002
Suva	circle	-18.133016	178.441707
Timbuktu	circle	16.766585	-3.01659699999999
Punta Arenas	circle	-53.164986	-70.939996
Iquique	circle	-20.249993	-70.129968
Antofagasta	circle	-23.649992	-70.400003
Valdivia	circle	-39.795001	-73.245023
Nuuk	circle	64.198282	-51.73265900000001
Nouakchott	circle	18.086427	-15.975339999999989
Bamako	circle	12.651961	-8.00198499999999
Atar	circle	20.51664	-13.04998900000001
Djenné	circle	13.89999	-4.549991000000006
Banghazi	circle	32.118679	20.064776999999992
Thessaloniki	circle	40.698052	22.883055000000013
Tbilisi	circle	41.726956	44.78885
Nur-Sultan	circle	51.181125	71.427774
Qaraghandy	circle	49.884977	73.11500999999998
Almaty	circle	43.326936	76.91309000000001
Isfahan	circle	32.701951	51.698092
Shiraz	circle	29.631906	52.56806499999999
Bhopal	circle	23.251934	77.40804700000001
Vientiane	circle	17.966693	102.59998000000002
Cruzeiro do Sul	circle	-7.629988	-72.669968
Leticia	circle	-4.201207	-69.955261
Manaus	circle	-3.098086	-60.001963
Santarém	circle	-2.433251	-54.699979
Marabá	circle	-5.349972	-49.11597900000001
Vilhena	circle	-12.716602	-60.116600000000005
Ji-Paraná	circle	-10.833307	-61.967003000000005
Campo Grande	circle	-20.448086	-54.618571
Florianópolis	circle	-27.578039	-48.52196599999999
Feira de Santana/Salvador	circle	-12.609021	-38.72597099999999
Winnipeg	circle	49.882988	-97.165992
Churchill	circle	58.765985	-94.165994
Regina	circle	50.450033	-104.61701
Saskatoon	circle	52.170031	-106.669985
Calgary	circle	51.084938	-114.081944
Prince Rupert	circle	54.31667	-130.329988
Arctic Bay	circle	73.033306	-85.166621
Resolute	circle	74.683334	-94.900006
Naujaat	circle	66.529467	-86.282935
Yellowknife	circle	62.442014	-114.396981
Fort Good Hope	circle	66.266613	-128.633322
Whitehorse	circle	60.716719	-135.049984
Boa Vista	circle	2.816093	-60.665998
Macapá	circle	0.033007	-51.050021000000015
Fort Severn	circle	55.983339	-87.649984
Thunder Bay	circle	48.44615	-89.274975
Québec	circle	46.839969	-71.24561
Halifax	circle	44.650025	-63.60000500000001
St. John's	circle	47.584988	-52.681006999999994
Nain	circle	56.547352	-61.68604500000001
Charlottetown	circle	46.249282	-63.131325000000004
N'Délé	circle	8.409137	20.653043999999994
Belgrade	circle	44.820591	20.46604500000001
Obo	circle	5.399992	26.50002599999999
Bandar Seri Begawan	circle	4.883331	114.93328400000001
Puerto Deseado	circle	-47.75002	-65.899968
Río Gallegos	circle	-51.633297	-69.216587
Comodoro Rivadavia	circle	-45.870031	-67.499999
Sucre	circle	-19.040971	-65.259516
Riberalta	circle	-10.983013	-66.100007
Bahía Blanca	circle	-38.740027	-62.26502099999999
Mar del Plata	circle	-38.00002	-57.579983999999996
Córdoba	circle	-31.398012	-64.18424
Posadas	circle	-27.357832	-55.885107000000005
Belmopan	circle	17.252034	-88.767073
Bangui	circle	4.366644	18.558288000000005
Maroua	circle	10.595566	14.324695999999989
Yerevan	circle	40.183097	44.511606
Baku	circle	40.397218	49.86027100000001
Kandahar	circle	31.61002	65.69494600000002
Phnom Penh	circle	11.551976	104.91468900000001
Menongue	circle	-14.666613	17.699994000000004
Huambo	circle	-12.74804	15.75806399999999
La Paz	circle	-16.496028	-68.151931
Santa Cruz	circle	-17.751972	-63.227942
Tamanrasset	circle	22.785003	5.522805000000005
Ghardaia	circle	32.489992	3.6699979999999925
Sofia	circle	42.685295	23.314707999999996
Minsk	circle	53.901923	27.564681000000007
Thimphu	circle	27.472986	89.63901399999997
Gaborone	circle	-24.646314	25.911947999999995
Darwin	circle	-12.425354	130.85003900000004
Alice Springs	circle	-23.700997	133.88003500000002
Canberra	circle	-35.283029	149.129026
Adelaide	circle	-34.933042	138.59805900000003
Townsville	circle	-19.24995	146.769997
Hobart	circle	-42.850009	147.29503
Ouagadougou	circle	12.372262	-1.5266699999999958
Sarajevo	circle	43.850022	18.383002000000005
Naypyidaw	circle	19.768503	96.11667299999999
San Juan	circle	18.440023	-66.129979
Stanley	circle	-51.700011	-57.84996799999999
Hamilton	circle	32.29419	-64.783937
Nuku'alofa	circle	-21.138512	-175.220565
Victoria	circle	-4.616632	55.449990000000014
São Tomé	circle	0.333402	6.733325000000008
Valletta	circle	35.899733	14.514711000000005
Malé	circle	4.166708	73.49994800000002
Praia	circle	14.916698	-23.516688999999985
Nassau	circle	25.08339	-77.350044
Nicosia	circle	35.166677	33.366635
Kaohsiung	circle	22.633307	120.26660200000003
Zibo/Jinan	circle	36.739430999999996	117.52055999999999
Honolulu	circle	21.308822	-157.859944
Phoenix	circle	33.541926	-112.071938
St. Louis	circle	38.636964	-90.241926
Maracaibo	circle	10.731923	-71.661924
Boston	circle	42.331906	-71.07196
Anchorage	circle	61.21997	-149.900215
Aleppo	circle	36.231917	37.16807399999999
Zürich	circle	47.381934	8.54806400000001
Jeddah/Makkah	circle	21.475400999999998	39.517673
Durban	circle	-29.863067	30.978065000000015
St.  Petersburg	circle	59.94096	30.314074000000005
Kano	circle	12.001923	8.518091999999996
Medan	circle	3.58192	98.64809400000001
Naples	circle	40.841971	14.243065999999999
Lanzhou	circle	36.057974	103.790054
Nanning	circle	22.821934	108.31809900000002
Guiyang	circle	26.581989	106.71809300000001
Cali	circle	3.401905	-76.501912
Alexandria	circle	31.201965	29.948049999999995
Frankfurt	circle	50.099977	8.675015000000002
Munich	circle	48.131888	11.573048
Xian	circle	34.276971	108.89305000000002
Taiyuan	circle	37.876958	112.54311200000001
Wuhan	circle	30.581977	114.26807100000002
Kunming	circle	25.071926	102.67802899999998
Zhengzhou	circle	34.756942	113.66314699999998
Nanchang	circle	28.681938	115.87805000000003
Hyderabad	circle	17.401929	78.47800799999999
Nagpur	circle	21.171906	79.08804800000001
Mashhad	circle	36.271966	59.568051
Jaipur	circle	26.923079	75.808042
Patna	circle	25.626905	85.12809300000004
Belém	circle	-1.448057	-48.48196899999999
Fortaleza	circle	-3.748072	-38.58192700000001
Edmonton	circle	53.551971	-113.501928
Goiânia	circle	-16.718081	-49.30197100000001
Recife	circle	-8.0737	-34.917551
Chattogram	circle	22.331938	91.798022
Napier	circle	-39.490001	176.926451
Blenheim/Wellington	circle	-41.406752499999996	174.36911199999997
Dunedin	circle	-45.885423	170.491016
Christchurch	circle	-43.535022	172.630023
Leh	circle	34.161559	77.572291
